INDEX,HATE_SPEECH,COUNTER_NARRATIVE,TARGET,VERSION,PRS,QS,SAFE,EMP,CON,PERS,SPEC,FLU,TOX,LLM_TOTAL,LLM_MAX_SCORE,LLM_PERCENTAGE,PRS_REASON,QS_REASON,SAFE_REASON,EMP_REASON,CON_REASON,PERS_REASON,SPEC_REASON,FLU_REASON,TOX_REASON,R1_SAFETY,R2_EMPATHY,R4_NON_CONFRONTATIONAL,DISTINCT2,COMBINED_REWARD_SCORE,OVERALL_QUALITY,DEPLOYMENT_READINESS,STRENGTHS,WEAKNESSES,RECOMMENDATION
0,Maybe the UN could talk to those asian and african nations responsible for 90%+ of the pollution in the oceans' instead of insisting on this bullshit about climate change.,"You're right, ocean pollution is one of the main environmental problems we face, however, climate change is a global problem, and everyone should help to combat it, no matter where in the world you are from!",other,V1,2,2,2,1,2,1,1,2,2,15,18,83.33,The counter-narrative is polite and respectful in tone.,"The message is clear and well-articulated, addressing the issue effectively.",The statement promotes safety and de-escalation by encouraging collective action.,It shows some understanding of the concern but lacks deeper empathy.,The counter-narrative encourages constructive dialogue about climate change.,It is somewhat persuasive but could be more compelling.,The message is somewhat specific but could provide more detail.,The language is fluent and easy to read.,The counter-narrative is completely non-toxic and respectful.,0.9988986253738403,0.3070162059739232,0.47385352849960327,1.0,0.593256,Good,Ready,Polite and respectful tone,Lacks deeper empathy and specificity,Enhance empathy and specificity for greater impact.
1,"‘Juice (Jews) are worse that nukes.’ Caption to a meme showing Hiroshima 1945 and present day, contrast against pictures of Detroit in 1945 and present day.’",You'd rather be nuked then?,JEWS,V1,0,1,0,0,0,1,1,1,1,5,18,27.78,The statement is aggressive and dismissive.,The message is somewhat understandable but lacks depth.,The wording is confrontational and escalatory.,There is no indication of understanding or compassion.,The statement does not contribute positively to the conversation.,It may provoke some reflection but is not convincing.,The statement is somewhat specific but lacks context.,"The grammar is mostly correct, but the tone affects fluency.",The language is confrontational and mildly toxic.,0.5946085453033447,0.0,0.29002711176872253,1.0,0.294879,Poor,Needs Revision,Somewhat specific wording,Aggressive tone and lack of empathy,Revise to adopt a more respectful and constructive tone.
2,Foreigners on UK benefits leaps 41% in 5 years with over 400K now handed payouts. This nonsense has got to stop.,"You seem to be worried about government expenditure… it has actually been shown that,over time, migration reduces pressure on government spending – because migrants are more likely to be young adult workers. https://migrationobservatory.ox.ac.uk/resources/briefings/the-fiscal-impact-of-immigration-in-the-uk/",MIGRANTS,V1,2,2,2,1,2,1,2,2,2,16,18,88.89,The counter-narrative is polite and respectful in tone.,"The argument is clear and well-articulated, providing a meaningful perspective.",The content is safe and promotes a de-escalating viewpoint.,"While it shows some understanding of concerns, it lacks deeper empathy for the emotional aspect of the worry.",The counter-narrative encourages constructive dialogue by providing factual information.,It is somewhat persuasive but could be more compelling in addressing emotional concerns.,"The argument is specific and references a credible source, enhancing its validity.","The writing is fluent and easy to read, with no grammatical issues.",The language used is completely non-toxic and respectful.,0.9994087219238281,0.5150410530623049,0.9824160558637232,0.96875,0.832289,Good,Ready,Polite and respectful tone | Clear and specific argument,Limited empathy for emotional concerns | Somewhat less persuasive,Enhance empathy and persuasiveness to better address emotional aspects.
3,"Jews cannot be patriots, since their allegiance will always be to the state of Israel.","You can have parents and grandparents born elsewhere, and still be a patriot for the country you were born in.",JEWS,V1,2,2,2,1,2,1,1,2,2,15,18,83.33,The statement is polite and respectful.,The message is clear and meaningful.,The counter-narrative promotes safety and de-escalation.,It shows some understanding but lacks deeper empathy.,It encourages constructive dialogue about patriotism.,It is somewhat persuasive but could be more impactful.,The statement is somewhat specific but could provide more detail.,The language is fluent and easy to read.,The statement is completely non-toxic and respectful.,0.9987903237342834,1.0,0.982049428857863,1.0,0.993613,Good,Ready,Clear and respectful message,Lacks deeper empathy and specificity,Consider adding more empathetic language and specific examples.
4,"Israel, Zionism and Jewish Supremacist control of America are the main causes of terrorism, instability and conflict in the world. All other theories are diversions from this ultimate truth.",Wouldn't you say its colonialism from many different countries and the consequesequences of Western intervention abroad which led to a lot of radicalisation and extremism?,JEWS,V1,1,1,1,1,1,1,1,2,2,11,18,61.11,The tone is somewhat respectful but could be perceived as confrontational.,The message is understandable but lacks depth and clarity.,The wording is mostly safe but could be seen as mildly confrontational.,"There is some understanding of the issues, but it could be more compassionate.",The statement encourages reflection but is not strongly constructive.,It presents a perspective that may prompt some reflection.,The statement is somewhat specific but could benefit from more concrete examples.,The language is fluent and easy to read.,The language is non-toxic and respectful.,0.9989027976989746,1.0,0.8851281888782978,1.0,0.961344,Fair,Needs Revision,Fluent and easy to read,Lacks depth and specificity,Enhance specificity and depth for better impact.
5,"Women are basically childlike, they remain this way most of their lives. Soft and emotional. It has devastated our once great patriarchal civilizations.",Would you say the same thing to the women who gave you life or treat you in hospital or taught you in school?,WOMEN,V1,2,2,2,2,2,2,2,2,2,18,18,100.0,The counter-narrative is polite and respectful in its tone.,The message is clear and effectively communicates its point.,The statement promotes safety and de-escalation by encouraging reflection.,It shows a strong understanding of the emotional impact of the original statement.,The counter-narrative encourages constructive dialogue and reflection.,"It is persuasive, prompting the audience to reconsider their views.",The message is specific and relates directly to the roles of women in society.,The language is fluent and easy to read.,The statement is completely non-toxic and respectful.,0.7846279144287109,1.0,0.8635730668902397,0.9545454545454546,0.882734,Excellent,Ready,Highly respectful and empathetic,None identified,"Deploy as is, as it effectively counters hate speech."
6,Foreigners on UK benefits leaps 41% in 5 years with over 400K now handed payouts. This nonsense has got to stop.,"Would be intersting to see how much money ""foreigners"" are giving the UK in terms of taxes. It's not hard to see how much we have to thank them for. Would be beneficial for everyone to focus on stopping tax evasion instead.",MIGRANTS,V1,1,1,1,1,1,1,1,2,2,11,18,61.11,The tone is somewhat respectful but could be perceived as dismissive of the original concern.,The message is understandable but lacks depth and clarity in its argument.,The counter-narrative is mostly safe but could be seen as mildly confrontational.,It shows some understanding of the contributions of foreigners but lacks deeper empathy.,It encourages a shift in focus but does not significantly improve the conversation.,The argument is somewhat persuasive but may not strongly influence others.,The points made are somewhat specific but could benefit from more concrete examples.,The writing is fluent and easy to read.,The language is non-toxic and respectful.,0.9993099570274353,1.0,0.9752750303596258,0.9024390243902439,0.991528,Fair,Needs Revision,Fluent and easy to read,Lacks depth and specificity,Enhance specificity and depth to improve overall impact.
7,"Race is a social construct, and if you see any difference between these two women, it’s because you have a mental illness. [image showing a blonde, European female athlete, juxtaposed against an image of an African woman wearing a lip plate]","Women are women the world over, full stop.",POC,V1,2,1,2,1,1,1,1,2,2,13,18,72.22,The statement is respectful and affirming.,The message is clear but lacks depth.,The statement promotes safety and de-escalation.,It shows some understanding of women's identity but lacks depth of empathy.,It is somewhat constructive but could encourage more dialogue.,The statement is somewhat persuasive but not very compelling.,The statement is somewhat specific but could provide more context.,The statement is fluent and easy to read.,The statement is completely non-toxic and respectful.,0.1388760209083557,0.6180838090367615,0.5805763825774193,1.0,0.445845,Fair,Needs Revision,Respectful tone,Lacks depth and specificity,Expand on the message to enhance empathy and constructiveness.
8,"Who the fuck are you? We are gutful sick of Vagina Misandrists trying to undermine White powerful makes, when they themselves are just envious, incompetent and useless.",Without women there would be no men.,WOMEN,V1,1,1,1,1,1,1,1,2,2,11,18,61.11,The statement is somewhat respectful but lacks nuance.,The message is understandable but limited in depth.,The statement is mostly safe but could be seen as confrontational.,It shows some understanding of the relationship between genders.,The statement encourages reflection but lacks depth.,It is somewhat persuasive but not strongly so.,The statement is somewhat specific but could be more detailed.,The statement is fluent and easy to read.,The statement is non-toxic and respectful.,0.8938804268836975,1.0,0.9461111556738615,1.0,0.946664,Fair,Needs Revision,Fluent and easy to read,Lacks depth and specificity,Enhance the message with more context and detail.
9,"Women are basically childlike, they remain this way most of their lives. Soft and emotional. It has devastated our once great patriarchal civilizations.",WIthout softeness and emotions there would just be brutality and cruelty. Not all women are soft and emotional and many men have these characteristics. To perpetuate these socially constructed gender profiles maintains patriarchal norms which oppress both men and women.,WOMEN,V1,2,2,2,2,2,1,1,2,2,16,18,88.89,The language is respectful and acknowledges different perspectives.,The message is clear and conveys a meaningful argument.,The counter-narrative promotes understanding and de-escalation.,It shows understanding of the impact of gender norms on both men and women.,Encourages reflection on gender roles and their societal implications.,"While somewhat persuasive, it could be more compelling.",The argument is somewhat specific but could benefit from more concrete examples.,The writing is fluent and easy to read.,The language is completely non-toxic and respectful.,0.9964079260826111,0.0,0.06309852004051208,1.0,0.353169,Good,Ready,Respectful and empathetic tone,Could be more persuasive and specific,Consider adding specific examples to enhance persuasiveness.
